sex,shs_1,shs_2,shs_3,shs_4,swl_1,swl_2,swl_3,swl_4,swl_5
Male,6,6,6,2,5,5,5,3,5
Male,4,4,1,3,6,6,6,6,6
Male,6,5,5,2,6,5,6,7,1
Female,,,,,,,,,
Female,7,7,7,1,7,7,7,7,6
Male,5,6,5,3,6,5,6,5,3
Male,6,5,5,4,3,5,5,3,3
Male,5,3,4,5,2,3,3,3,3
Male,7,3,7,3,7,7,7,7,1
Female,5,7,5,3,4,4,5,5,5
Male,3,3,3,6,2,2,2,2,2
Male,6,7,6,1,6,6,7,6,3
Male,5,4,5,2,6,6,5,6,7
Male,3,5,5,2,6,4,6,6,3
Male,5,4,3,4,5,5,5,5,5
Male,5,5,5,3,5,4,5,5,3
Male,5,5,5,1,7,7,7,7,6
Female,6,6,4,2,7,7,7,7,5
Male,7,4,5,1,6,5,6,6,6
Female,6,5,3,5,6,7,7,7,7
Female,6,5,5,2,6,5,5,6,7
Female,7,6,6,2,6,7,7,6,6
Male,1,1,1,6,2,2,2,2,2
Male,5,2,4,3,3,3,4,5,2
Female,6,6,6,2,,,,,
Male,3,2,5,3,2,2,1,2,2
Male,5,4,4,3,5,4,5,6,2
Male,4,4,4,3,3,5,5,2,2
Male,1,1,1,7,1,1,3,3,3
Male,6,5,6,2,6,6,6,5,6
Male,5,5,6,2,5,6,6,5,5
Male,6,6,5,1,6,6,6,6,6
Male,6,4,6,6,5,5,5,5,2
Male,3,1,1,6,4,3,2,5,3
Male,5,6,3,3,5,6,6,6,7
Male,5,5,5,1,6,5,4,4,2
Male,5,5,5,1,5,5,3,3,3
Male,6,6,5,1,3,3,3,3,1
Male,4,3,3,6,1,4,5,2,2
Male,6,7,6,2,6,6,6,7,2
Male,6,4,5,1,6,5,6,6,6
Male,5,5,3,2,6,7,7,7,7
Male,6,5,5,2,4,2,5,3,6
Male,6,6,5,2,5,5,6,5,7
Male,6,7,5,5,2,4,5,5,2
Male,4,5,5,6,5,3,2,2,2
Male,7,6,6,2,4,5,6,6,6
Male,5,5,4,2,5,6,6,5,5
Male,5,4,5,4,6,6,5,5,7
Male,6,5,5,3,7,7,7,7,3
Male,5,5,5,2,,,,,
Male,6,5,5,2,5,6,5,5,3
Male,6,6,6,2,6,6,6,7,6
Female,6,4,5,3,4,5,5,4,5
Male,5,5,5,3,6,5,6,6,5
Female,6,7,7,1,6,6,5,5,3
Male,4,4,7,4,4,3,3,7,3
Male,4,3,5,5,4,6,6,7,5
Male,5,6,4,4,6,7,4,7,3
Male,6,6,6,2,1,1,1,1,1
Male,6,4,3,5,5,5,5,6,1
Male,7,4,7,1,,,,,
Male,5,5,5,3,4,4,3,5,3
Male,2,1,1,7,1,1,1,3,1
Female,5,6,5,4,6,6,6,5,6
Male,5,5,5,3,3,3,5,6,3
Female,5,5,6,3,5,5,6,5,7
Male,6,5,5,2,6,6,6,6,3
Male,7,5,5,7,4,2,3,2,3
Male,7,5,5,2,2,3,6,6,6
Male,6,5,6,1,1,4,3,4,3
Male,5,4,1,1,5,2,2,2,1
Male,5,5,4,3,5,5,5,5,3
Male,7,7,7,7,6,5,6,6,6
Male,,,,,,,,,
Male,6,6,6,2,6,6,6,6,6
Female,6,3,6,6,7,4,1,3,5
Male,6,6,5,4,5,5,6,7,5
Male,5,4,6,1,5,5,6,5,6
Male,7,7,7,1,7,7,7,7,7
Female,3,3,3,5,2,3,4,2,3
Male,7,5,6,3,,,,,
Female,4,3,4,4,1,1,1,1,4
Male,5,4,5,3,5,6,5,6,2
Male,5,5,6,3,5,5,5,3,3
Male,3,3,2,5,3,6,3,2,2
Male,7,7,6,1,6,7,6,7,6
Female,5,6,6,4,5,5,3,3,7
Male,5,5,3,3,2,6,3,3,3
Male,6,7,6,1,6,6,6,6,7
Female,7,4,4,1,6,6,6,4,7
Male,5,5,6,3,5,6,6,5,4
Female,7,6,5,2,7,7,7,7,7
Male,4,4,5,4,4,4,5,6,1
Female,4,5,4,7,2,3,3,1,1
Male,3,3,4,6,4,5,3,3,3
Male,6,3,5,3,5,6,5,6,3
Male,5,5,5,3,5,6,5,5,6
Male,3,3,2,6,2,3,4,4,4
Male,3,3,2,5,2,3,2,2,1
Male,5,6,5,6,4,4,3,3,1
Male,5,4,4,3,5,6,6,4,4
Male,,,,,,,,,
Male,5,3,5,3,2,3,3,3,1
Male,5,4,2,2,7,7,7,7,6
Male,1,1,2,7,3,2,3,5,2
Male,5,7,7,6,6,6,6,6,6
Female,6,6,5,6,5,6,5,6,4
Male,6,6,5,2,6,6,6,5,4
Female,4,4,5,3,4,4,5,4,3
Male,4,4,4,4,4,5,5,5,2
Male,5,4,5,3,3,3,4,5,3
Female,2,2,2,3,4,4,4,4,3
Male,7,7,7,1,7,7,7,7,7
Male,5,5,5,2,5,6,6,6,3
Male,7,7,7,7,4,4,4,4,4
Male,6,5,3,2,5,5,5,4,3
Male,2,1,2,3,6,4,3,2,4
Female,5,5,5,2,6,7,7,6,6
Male,7,7,7,1,7,7,7,7,7
Male,,,,,,,,,
Male,4,2,3,6,2,1,4,4,3
Female,5,4,5,3,5,4,3,3,4
Male,6,5,6,3,5,6,7,6,5
Male,4,3,4,7,3,4,3,4,4
Female,6,6,6,1,6,6,6,6,6
Male,7,6,6,2,6,6,7,7,7
Male,7,5,4,2,5,5,5,5,3
Male,2,2,3,3,3,5,3,5,4
Male,6,7,6,2,5,6,5,6,6
Male,6,4,4,2,5,6,6,6,5
Male,7,7,6,2,7,6,7,7,7
Male,3,3,3,4,2,1,1,4,2
Male,6,6,5,2,5,5,5,5,5
Male,7,7,6,1,2,5,5,6,1
Male,5,6,6,1,6,7,7,7,5
Male,6,5,5,1,5,6,7,6,5
Male,2,2,3,7,4,4,4,6,2
Male,4,4,5,5,5,3,4,4,3
Male,6,6,7,2,5,7,7,7,3
Female,6,5,4,4,6,5,6,5,5
Female,4,5,4,5,6,6,5,5,5
Male,6,7,6,2,3,3,3,3,3
Male,5,3,5,2,7,7,6,7,7
Female,4,3,2,4,3,3,4,,2
Male,6,6,6,2,5,5,5,6,6
Male,5,4,5,5,6,5,6,5,4
Male,6,5,4,2,5,5,6,5,6
Male,6,5,6,2,5,5,5,5,6
Female,7,4,5,1,4,5,3,4,4
Male,6,4,6,3,7,7,7,7,7
Female,3,2,2,7,4,2,2,3,1
Female,5,3,5,3,6,6,3,3,3
Male,,,,,,,,,
Female,6,7,7,1,6,1,6,5,5
Male,6,7,7,1,6,7,6,7,6
Male,7,6,7,2,6,6,6,6,6
Male,7,5,5,1,5,6,7,6,3
Female,5,5,5,3,5,5,5,5,3
Male,3,2,2,5,4,5,3,6,2
Male,6,6,6,5,5,5,6,5,4
Male,3,2,3,6,4,3,3,6,2
Male,5,5,5,2,5,5,5,5,4
Male,6,6,6,2,7,7,7,7,7
Male,6,6,6,1,7,7,7,7,7
Male,4,3,2,4,1,4,2,2,1
Female,5,6,5,2,5,5,6,5,5
Male,7,6,6,2,6,6,6,6,6
Male,2,2,3,4,3,2,2,3,2
Male,6,5,6,2,4,5,5,5,6
Male,5,5,5,5,5,5,5,5,5
Male,4,2,2,5,4,4,4,7,4
Male,4,4,4,4,6,6,6,6,3
Male,7,6,5,2,3,4,5,5,4
Male,5,5,5,5,5,6,6,5,2
Male,7,5,6,4,6,6,6,6,6
Male,4,1,3,6,2,2,2,2,1
Male,5,5,4,4,6,6,6,6,6
Male,7,7,7,7,6,6,6,7,6
Male,6,5,5,3,4,6,5,5,6
Male,7,6,6,4,4,5,7,5,4
Male,5,6,3,3,6,5,4,5,5
Male,7,6,7,1,6,6,6,6,6
Male,4,3,4,4,3,4,3,4,3
Female,5,5,4,4,4,4,4,4,4
Male,3,3,4,4,4,6,3,4,4
Male,5,4,4,4,4,4,4,4,4
Male,,,,,,,,,
Male,3,3,3,5,3,6,5,2,2
Male,6,4,4,4,4,4,4,4,4
Male,4,4,1,3,6,4,6,3,6
Male,2,1,1,3,3,4,4,4,5
Male,5,5,5,6,6,6,6,7,3
Male,7,6,7,1,6,6,6,6,6
Male,6,7,6,2,6,5,6,6,2
Male,5,5,4,5,6,7,7,7,7
Female,2,1,2,2,6,2,3,4,4
Female,5,5,5,5,4,5,3,4,2
Male,5,4,5,4,5,5,5,6,2
Male,7,5,5,1,6,7,7,6,6
Male,6,6,6,2,6,6,6,6,4
Male,6,6,6,4,5,5,7,5,5
Male,2,2,6,6,5,4,6,2,6
Female,6,6,5,5,5,6,4,3,5
Female,7,6,6,5,6,7,6,7,7
Male,6,6,5,4,5,6,6,3,7
Male,7,6,7,7,5,6,6,6,7
Female,5,4,6,1,4,6,6,5,5
Male,6,6,7,2,6,6,6,6,6
Male,5,4,4,3,4,3,5,5,4
Male,7,7,7,1,5,5,6,5,7
Male,7,7,6,1,7,7,7,7,7
Male,4,3,3,4,3,3,5,6,3
Female,7,7,7,7,6,5,7,6,7
Female,7,6,6,1,6,7,5,7,1
Male,,,,,,,,,
Male,7,7,6,2,6,7,7,7,7
Female,7,7,7,7,5,5,6,5,6
Male,7,7,7,1,7,7,7,7,7
Male,7,5,6,2,3,7,5,4,2
Male,6,6,6,2,5,6,6,6,4
Male,7,7,6,2,6,7,7,,5
Male,4,3,3,5,5,6,7,7,3
Female,4,5,3,4,4,5,4,3,5
Male,7,7,7,1,6,6,7,7,6
Male,4,3,3,5,3,5,3,5,1
Male,5,4,4,4,4,5,5,5,5
Male,7,7,7,5,5,6,5,7,6
Female,7,7,6,7,6,5,6,5,6
Male,5,5,5,2,6,5,5,5,3
Male,5,5,4,3,4,6,4,5,6
Male,7,7,7,1,5,5,5,5,5
Male,4,3,4,3,2,3,4,3,4
Male,5,4,5,3,6,6,6,5,4
Female,,,,,,,,,
Male,4,3,5,4,2,6,3,3,2
Male,4,4,3,6,3,3,5,2,1
Male,,,,,,,,,
Male,4,4,4,5,3,5,3,3,3
Male,5,5,6,4,5,6,6,6,4
Male,7,6,6,1,6,6,7,7,7
Male,3,3,3,3,3,3,3,2,1
Male,4,3,4,4,4,4,4,4,4
Male,2,2,2,6,2,4,3,2,1
Male,5,4,6,4,3,5,6,7,3
Male,4,4,4,4,4,4,4,4,4
Male,6,4,5,3,5,6,6,6,6
Male,5,6,4,4,3,5,3,3,2
Male,3,2,3,6,3,2,4,5,3
Male,5,5,6,5,6,6,6,6,3
Female,5,5,5,4,4,4,5,6,6
Male,3,2,2,7,2,2,2,4,2
Female,3,3,3,3,4,4,4,4,4
